{
  "benchmark": "CodeDriftBench-PublishableEvidence",
  "profile": "core",
  "run_id": "27492370645",
  "expected_slices": 72,
  "observed_slices": 72,
  "expected_observations": 216,
  "observed_observations": 216,
  "mean_legacy_score": 0.984375,
  "mean_feature_score": 0.3611111111111111,
  "mean_spec_score": 0.7341145833333333,
  "mean_silent_spec_failure_rate": 0.4861111111111111,
  "strict_feature_pass_rate": 0.2638888888888889,
  "legacy_regression_rate": 0.125,
  "baseline_feature_mean": 0.125,
  "nonbaseline_feature_mean": 0.4791666666666667,
  "feature_delta_over_baseline": 0.3541666666666667,
  "mean_baseline_adjusted_feature_lift": 0.3541666666666667,
  "baseline_adjusted_feature_lift_ci95": [
    0.28935185185185186,
    0.4247685185185185
  ],
  "baseline_feature_contamination_tasks": [
    "config_timeout"
  ],
  "baseline_feature_contamination_rate": 0.25,
  "spec_ci95": [
    0.7125578703703703,
    0.7563657407407407
  ],
  "feature_ci95": [
    0.30632716049382713,
    0.41898148148148145
  ],
  "model_spec_summary": {
    "baseline:copy": {
      "n": 72,
      "mean": 0.65,
      "ci95": [
        0.6305555555555555,
        0.6722222222222223
      ]
    },
    "qwen2.5-coder:1.5b": {
      "n": 72,
      "mean": 0.68125,
      "ci95": [
        0.6585648148148148,
        0.7041666666666667
      ]
    },
    "qwen2.5-coder:3b": {
      "n": 72,
      "mean": 0.87109375,
      "ci95": [
        0.8277777777777777,
        0.9121527777777778
      ]
    }
  },
  "model_feature_summary": {
    "baseline:copy": {
      "n": 72,
      "mean": 0.125,
      "ci95": [
        0.0763888888888889,
        0.18055555555555555
      ]
    },
    "qwen2.5-coder:1.5b": {
      "n": 72,
      "mean": 0.20833333333333334,
      "ci95": [
        0.14814814814814814,
        0.2708333333333333
      ]
    },
    "qwen2.5-coder:3b": {
      "n": 72,
      "mean": 0.75,
      "ci95": [
        0.6527777777777778,
        0.8472222222222222
      ]
    }
  },
  "model_ssfr_summary": {
    "baseline:copy": {
      "n": 72,
      "rate": 0.75,
      "ci95": [
        0.6527777777777778,
        0.8472222222222222
      ]
    },
    "qwen2.5-coder:1.5b": {
      "n": 72,
      "rate": 0.7083333333333334,
      "ci95": [
        0.5972222222222222,
        0.8055555555555556
      ]
    },
    "qwen2.5-coder:3b": {
      "n": 72,
      "rate": 0.0,
      "ci95": [
        0.0,
        0.0
      ]
    }
  },
  "model_strict_feature_pass_summary": {
    "baseline:copy": {
      "n": 72,
      "rate": 0.0,
      "ci95": [
        0.0,
        0.0
      ]
    },
    "qwen2.5-coder:1.5b": {
      "n": 72,
      "rate": 0.041666666666666664,
      "ci95": [
        0.0,
        0.09722222222222222
      ]
    },
    "qwen2.5-coder:3b": {
      "n": 72,
      "rate": 0.75,
      "ci95": [
        0.6527777777777778,
        0.8472222222222222
      ]
    }
  },
  "model_legacy_regression_summary": {
    "baseline:copy": {
      "n": 72,
      "rate": 0.0,
      "ci95": [
        0.0,
        0.0
      ]
    },
    "qwen2.5-coder:1.5b": {
      "n": 72,
      "rate": 0.0,
      "ci95": [
        0.0,
        0.0
      ]
    },
    "qwen2.5-coder:3b": {
      "n": 72,
      "rate": 0.375,
      "ci95": [
        0.2638888888888889,
        0.4861111111111111
      ]
    }
  },
  "task_feature_summary": {
    "config_timeout": {
      "n": 54,
      "mean": 0.6666666666666666,
      "ci95": [
        0.6111111111111112,
        0.7314814814814815
      ]
    },
    "redactor_aws": {
      "n": 54,
      "mean": 0.16666666666666666,
      "ci95": [
        0.07407407407407407,
        0.25925925925925924
      ]
    },
    "todo_done_filter": {
      "n": 54,
      "mean": 0.4444444444444444,
      "ci95": [
        0.3333333333333333,
        0.5740740740740741
      ]
    },
    "todo_tags": {
      "n": 54,
      "mean": 0.16666666666666666,
      "ci95": [
        0.07407407407407407,
        0.25925925925925924
      ]
    }
  },
  "task_spec_summary": {
    "config_timeout": {
      "n": 54,
      "mean": 0.8583333333333334,
      "ci95": [
        0.8370370370370371,
        0.8796296296296297
      ]
    },
    "redactor_aws": {
      "n": 54,
      "mean": 0.6520833333333333,
      "ci95": [
        0.6190972222222222,
        0.6875
      ]
    },
    "todo_done_filter": {
      "n": 54,
      "mean": 0.7666666666666666,
      "ci95": [
        0.7240740740740741,
        0.8151234567901234
      ]
    },
    "todo_tags": {
      "n": 54,
      "mean": 0.6593749999999999,
      "ci95": [
        0.622337962962963,
        0.6988425925925925
      ]
    }
  },
  "task_ssfr_summary": {
    "config_timeout": {
      "n": 54,
      "rate": 0.0,
      "ci95": [
        0.0,
        0.0
      ]
    },
    "redactor_aws": {
      "n": 54,
      "rate": 0.6666666666666666,
      "ci95": [
        0.5370370370370371,
        0.7777777777777778
      ]
    },
    "todo_done_filter": {
      "n": 54,
      "rate": 0.6111111111111112,
      "ci95": [
        0.48148148148148145,
        0.7407407407407407
      ]
    },
    "todo_tags": {
      "n": 54,
      "rate": 0.6666666666666666,
      "ci95": [
        0.5370370370370371,
        0.7777777777777778
      ]
    }
  },
  "strategy_spec_summary": {
    "active_constraints": {
      "n": 108,
      "mean": 0.6978009259259259,
      "ci95": [
        0.6694637345679012,
        0.7256172839506173
      ]
    },
    "no_anchor": {
      "n": 108,
      "mean": 0.7704282407407407,
      "ci95": [
        0.7368827160493827,
        0.8027777777777778
      ]
    }
  },
  "strategy_feature_summary": {
    "active_constraints": {
      "n": 108,
      "mean": 0.28703703703703703,
      "ci95": [
        0.21296296296296297,
        0.36419753086419754
      ]
    },
    "no_anchor": {
      "n": 108,
      "mean": 0.4351851851851852,
      "ci95": [
        0.3487654320987654,
        0.5200617283950617
      ]
    }
  },
  "strategy_ssfr_summary": {
    "active_constraints": {
      "n": 108,
      "rate": 0.4722222222222222,
      "ci95": [
        0.37962962962962965,
        0.5740740740740741
      ]
    },
    "no_anchor": {
      "n": 108,
      "rate": 0.5,
      "ci95": [
        0.4074074074074074,
        0.6018518518518519
      ]
    }
  },
  "model_strategy_feature_summary": {
    "baseline:copy | active_constraints": {
      "n": 36,
      "mean": 0.125,
      "ci95": [
        0.05555555555555555,
        0.19444444444444445
      ]
    },
    "baseline:copy | no_anchor": {
      "n": 36,
      "mean": 0.125,
      "ci95": [
        0.05555555555555555,
        0.19444444444444445
      ]
    },
    "qwen2.5-coder:1.5b | active_constraints": {
      "n": 36,
      "mean": 0.2361111111111111,
      "ci95": [
        0.1388888888888889,
        0.3425925925925926
      ]
    },
    "qwen2.5-coder:1.5b | no_anchor": {
      "n": 36,
      "mean": 0.18055555555555555,
      "ci95": [
        0.1111111111111111,
        0.25
      ]
    },
    "qwen2.5-coder:3b | active_constraints": {
      "n": 36,
      "mean": 0.5,
      "ci95": [
        0.3333333333333333,
        0.6666666666666666
      ]
    },
    "qwen2.5-coder:3b | no_anchor": {
      "n": 36,
      "mean": 1.0,
      "ci95": [
        1.0,
        1.0
      ]
    }
  },
  "core_evidence_package": true,
  "paper_grade_evidence": false,
  "gates": {
    "complete_run": true,
    "has_baseline": true,
    "enough_nonbaseline_models": true,
    "enough_tasks": true,
    "enough_seeds": true,
    "enough_horizons": true,
    "strategy_ablation": true,
    "executable_scoring": true,
    "reports_uncertainty": true,
    "feature_signal_over_baseline": true,
    "baseline_adjusted_lift_positive": true,
    "enough_observations": true,
    "separate_metrics_reported": true,
    "model_ssfr_reported": true,
    "task_summary_reported": true,
    "strict_feature_pass_reported": true,
    "legacy_regression_reported": true,